Year,Health_Expenditure_%_GDP
2015,7.02217817
2014,7.04530668
2013,6.95815229
2012,6.97648525
2011,6.83919144
2010,6.88817596
2009,6.91636944
2008,6.82830238
2007,6.69537067
2006,6.70972347
2005,6.90324974
2004,6.80059671
2003,6.85543919
2002,6.92267561
2001,7.01818132
2000,6.61731339
